{
    "A": {
        "mean": 3.0,
        "std": 0.0
    },
    "C": {
        "mean": 3.0,
        "std": 0.0
    },
    "E": {
        "mean": 3.0,
        "std": 0.0
    },
    "N": {
        "mean": 3.0,
        "std": 0.0
    },
    "O": {
        "mean": 2.9166666666666665,
        "std": 0.4082482904638632
    }
}